{"epoch": 9110, "loss": 0.028943505138158798, "val_loss": 0.02808915264904499, "_timestamp": 1725991803.2252908, "_runtime": 27868.083243846893, "_step": 881, "_wandb": {"runtime": 27880}}