{"epoch": 8232, "loss": 0.013274377211928368, "val_loss": 0.023183481767773628, "_timestamp": 1725950844.8195007, "_runtime": 38656.40802168846, "_step": 960, "_wandb": {"runtime": 38681}}