{"epoch": 234, "loss": 0.1484256386756897, "val_loss": 0.04457458481192589, "_timestamp": 1726014538.7200415, "_runtime": 18585.768611431122, "_step": 233}