{"epoch": 8519, "loss": 0.012479986064136028, "val_loss": 0.04666204750537872, "_timestamp": 1725963886.1801631, "_runtime": 9285.209867238998, "_step": 290, "_wandb": {"runtime": 9309}}